sample-id	original_sample_id	length_original	length_cleaned	was_modified	site	marker	source_file	sampleMaterial	substratumSizeClass	habitatType	aquMicrobeType	elevation	aquaticSiteType	collection_date	year	bout	season	run_id	bout_label
RUSH-21A-28-2520-H25JWDRX5-16S	RUSH_21A_28_2520_H25JWDRX5_16S	30	30	TRUE	LEWI	16S	sample_name_mapping_16S_LEWI.tsv	biofilm	cobble	riffle	epilithon	152	stream	2021-03	2021	1	Spring	H25JWDRX5	Early
RUSH-21A-28-2522-H25JWDRX5-16S	RUSH_21A_28_2522_H25JWDRX5_16S	30	30	TRUE	LEWI	16S	sample_name_mapping_16S_LEWI.tsv	biofilm	cobble	riffle	epilithon	152	stream	2021-03	2021	1	Spring	H25JWDRX5	Early
RUSH-21A-31-2869-H25JWDRX5-16S	RUSH_21A_31_2869_H25JWDRX5_16S	30	30	TRUE	LEWI	16S	sample_name_mapping_16S_LEWI.tsv	biofilm	cobble	riffle	epilithon	152	stream	2021-07	2021	2	Summer	H25JWDRX5	Mid
RUSH-21A-31-2870-H25JWDRX5-16S	RUSH_21A_31_2870_H25JWDRX5_16S	30	30	TRUE	LEWI	16S	sample_name_mapping_16S_LEWI.tsv	biofilm	cobble	riffle	epilithon	152	stream	2021-07	2021	2	Summer	H25JWDRX5	Mid
RUSH-21A-31-3279-H25JWDRX5-16S	RUSH_21A_31_3279_H25JWDRX5_16S	30	30	TRUE	LEWI	16S	sample_name_mapping_16S_LEWI.tsv	biofilm	cobble	riffle	epilithon	152	stream	2021-07	2021	2	Summer	H25JWDRX5	Mid
RUSH-22A-02-0184-H5CGTDRX5-16S	RUSH_22A_02_0184_H5CGTDRX5_16S	30	30	TRUE	LEWI	16S	sample_name_mapping_16S_LEWI.tsv	biofilm	cobble	riffle	epilithon	152	stream	2021-11	2021	3	Fall	H5CGTDRX5	Late
RUSH-22A-02-0185-H5CGTDRX5-16S	RUSH_22A_02_0185_H5CGTDRX5_16S	30	30	TRUE	LEWI	16S	sample_name_mapping_16S_LEWI.tsv	biofilm	cobble	riffle	epilithon	152	stream	2021-11	2021	3	Fall	H5CGTDRX5	Late
RUSH-22A-02-0186-H5CGTDRX5-16S	RUSH_22A_02_0186_H5CGTDRX5_16S	30	30	TRUE	LEWI	16S	sample_name_mapping_16S_LEWI.tsv	biofilm	cobble	riffle	epilithon	152	stream	2021-11	2021	3	Fall	H5CGTDRX5	Late
RUSH-22A-04-0328-H5CGTDRX5-16S	RUSH_22A_04_0328_H5CGTDRX5_16S	30	30	TRUE	LEWI	16S	sample_name_mapping_16S_LEWI.tsv	biofilm	cobble	riffle	epilithon	152	stream	2022-03	2022	1	Spring	H5CGTDRX5	Early
RUSH-22A-04-0329-H5CGTDRX5-16S	RUSH_22A_04_0329_H5CGTDRX5_16S	30	30	TRUE	LEWI	16S	sample_name_mapping_16S_LEWI.tsv	biofilm	cobble	riffle	epilithon	152	stream	2022-03	2022	1	Spring	H5CGTDRX5	Early
RUSH-22A-04-0330-H5CGTDRX5-16S	RUSH_22A_04_0330_H5CGTDRX5_16S	30	30	TRUE	LEWI	16S	sample_name_mapping_16S_LEWI.tsv	biofilm	cobble	riffle	epilithon	152	stream	2022-03	2022	1	Spring	H5CGTDRX5	Early
RUSH-22A-01-0087-H5CGTDRX5-16S	RUSH_22A_01_0087_H5CGTDRX5_16S	30	30	TRUE	LEWI	16S	sample_name_mapping_16S_LEWI.tsv	biofilm	cobble	riffle	epilithon	152	stream	2022-07	2022	2	Summer	H5CGTDRX5	Mid
RUSH-22A-01-0088-H5CGTDRX5-16S	RUSH_22A_01_0088_H5CGTDRX5_16S	30	30	TRUE	LEWI	16S	sample_name_mapping_16S_LEWI.tsv	biofilm	cobble	riffle	epilithon	152	stream	2022-07	2022	2	Summer	H5CGTDRX5	Mid
RUSH-22A-01-0089-H5CGTDRX5-16S	RUSH_22A_01_0089_H5CGTDRX5_16S	30	30	TRUE	LEWI	16S	sample_name_mapping_16S_LEWI.tsv	biofilm	cobble	riffle	epilithon	152	stream	2022-07	2022	2	Summer	H5CGTDRX5	Mid
RUSH-22A-09-0795-H5CGTDRX5-16S	RUSH_22A_09_0795_H5CGTDRX5_16S	30	30	TRUE	LEWI	16S	sample_name_mapping_16S_LEWI.tsv	biofilm	silt	run	epilithon	152	stream	2022-10	2022	3	Fall	H5CGTDRX5	Late
RUSH-22A-09-0796-H5CGTDRX5-16S	RUSH_22A_09_0796_H5CGTDRX5_16S	30	30	TRUE	LEWI	16S	sample_name_mapping_16S_LEWI.tsv	biofilm	silt	run	epilithon	152	stream	2022-10	2022	3	Fall	H5CGTDRX5	Late
RUSH-22A-09-0797-H5CGTDRX5-16S	RUSH_22A_09_0797_H5CGTDRX5_16S	30	30	TRUE	LEWI	16S	sample_name_mapping_16S_LEWI.tsv	biofilm	silt	run	epilithon	152	stream	2022-10	2022	3	Fall	H5CGTDRX5	Late
RUSH-23A-06-0490-HHJFLDRX5-16S	RUSH_23A_06_0490_HHJFLDRX5_16S	30	30	TRUE	LEWI	16S	sample_name_mapping_16S_LEWI.tsv	biofilm	cobble	riffle	epilithon	152	stream	2023-03	2023	1	Spring	HHJFLDRX5	Early
RUSH-23A-06-0491-HHJFLDRX5-16S	RUSH_23A_06_0491_HHJFLDRX5_16S	30	30	TRUE	LEWI	16S	sample_name_mapping_16S_LEWI.tsv	biofilm	silt	riffle	epilithon	152	stream	2023-03	2023	1	Spring	HHJFLDRX5	Early
RUSH-23A-06-0492-HHJFLDRX5-16S	RUSH_23A_06_0492_HHJFLDRX5_16S	30	30	TRUE	LEWI	16S	sample_name_mapping_16S_LEWI.tsv	biofilm	cobble	stepPool	epilithon	152	stream	2023-03	2023	1	Spring	HHJFLDRX5	Early
RUSH-23A-19-1750-HHJFLDRX5-16S	RUSH_23A_19_1750_HHJFLDRX5_16S	30	30	TRUE	LEWI	16S	sample_name_mapping_16S_LEWI.tsv	biofilm	cobble	riffle	epilithon	152	stream	2023-07	2023	2	Summer	HHJFLDRX5	Mid
RUSH-23A-19-1751-HHJFLDRX5-16S	RUSH_23A_19_1751_HHJFLDRX5_16S	30	30	TRUE	LEWI	16S	sample_name_mapping_16S_LEWI.tsv	biofilm	cobble	riffle	epilithon	152	stream	2023-07	2023	2	Summer	HHJFLDRX5	Mid
RUSH-23A-19-1752-HHJFLDRX5-16S	RUSH_23A_19_1752_HHJFLDRX5_16S	30	30	TRUE	LEWI	16S	sample_name_mapping_16S_LEWI.tsv	biofilm	cobble	riffle	epilithon	152	stream	2023-07	2023	2	Summer	HHJFLDRX5	Mid
RUSH-23A-28-2581-HHJFLDRX5-16S	RUSH_23A_28_2581_HHJFLDRX5_16S	30	30	TRUE	LEWI	16S	sample_name_mapping_16S_LEWI.tsv	biofilm	cobble	riffle	epilithon	152	stream	2023-10	2023	3	Fall	HHJFLDRX5	Late
RUSH-21A-29-2600-H25JWDRX5-16S	RUSH_21A_29_2600_H25JWDRX5_16S	30	30	TRUE	MART	16S	sample_name_mapping_16S_MART.tsv	biofilm	cobble	pool	epilithon	337	stream	2021-04	2021	1	Spring	H25JWDRX5	Early
RUSH-21A-29-2601-H25JWDRX5-16S	RUSH_21A_29_2601_H25JWDRX5_16S	30	30	TRUE	MART	16S	sample_name_mapping_16S_MART.tsv	biofilm	cobble	run	epilithon	337	stream	2021-04	2021	1	Spring	H25JWDRX5	Early
RUSH-21A-29-2602-H25JWDRX5-16S	RUSH_21A_29_2602_H25JWDRX5_16S	30	30	TRUE	MART	16S	sample_name_mapping_16S_MART.tsv	biofilm	cobble	run	epilithon	337	stream	2021-04	2021	1	Spring	H25JWDRX5	Early
RUSH-21A-29-2603-H25JWDRX5-16S	RUSH_21A_29_2603_H25JWDRX5_16S	30	30	TRUE	MART	16S	sample_name_mapping_16S_MART.tsv	biofilm	cobble	riffle	epilithon	337	stream	2021-04	2021	1	Spring	H25JWDRX5	Early
RUSH-21A-29-2604-H25JWDRX5-16S	RUSH_21A_29_2604_H25JWDRX5_16S	30	30	TRUE	MART	16S	sample_name_mapping_16S_MART.tsv	biofilm	cobble	riffle	epilithon	337	stream	2021-04	2021	1	Spring	H25JWDRX5	Early
RUSH-21A-29-2605-H25JWDRX5-16S	RUSH_21A_29_2605_H25JWDRX5_16S	30	30	TRUE	MART	16S	sample_name_mapping_16S_MART.tsv	biofilm	cobble	riffle	epilithon	337	stream	2021-04	2021	1	Spring	H25JWDRX5	Early
RUSH-21A-29-2606-H25JWDRX5-16S	RUSH_21A_29_2606_H25JWDRX5_16S	30	30	TRUE	MART	16S	sample_name_mapping_16S_MART.tsv	biofilm	cobble	riffle	epilithon	337	stream	2021-04	2021	1	Spring	H25JWDRX5	Early
RUSH-21A-32-2915-H25JWDRX5-16S	RUSH_21A_32_2915_H25JWDRX5_16S	30	30	TRUE	MART	16S	sample_name_mapping_16S_MART.tsv	biofilm	cobble	riffle	epilithon	337	stream	2021-07	2021	2	Summer	H25JWDRX5	Mid
RUSH-21A-32-2916-H25JWDRX5-16S	RUSH_21A_32_2916_H25JWDRX5_16S	30	30	TRUE	MART	16S	sample_name_mapping_16S_MART.tsv	biofilm	cobble	pool	epilithon	337	stream	2021-07	2021	2	Summer	H25JWDRX5	Mid
RUSH-21A-32-2917-H25JWDRX5-16S	RUSH_21A_32_2917_H25JWDRX5_16S	30	30	TRUE	MART	16S	sample_name_mapping_16S_MART.tsv	biofilm	cobble	riffle	epilithon	337	stream	2021-07	2021	2	Summer	H25JWDRX5	Mid
RUSH-21A-32-2918-H25JWDRX5-16S	RUSH_21A_32_2918_H25JWDRX5_16S	30	30	TRUE	MART	16S	sample_name_mapping_16S_MART.tsv	biofilm	cobble	pool	epilithon	337	stream	2021-07	2021	2	Summer	H25JWDRX5	Mid
RUSH-21A-32-2919-H25JWDRX5-16S	RUSH_21A_32_2919_H25JWDRX5_16S	30	30	TRUE	MART	16S	sample_name_mapping_16S_MART.tsv	biofilm	cobble	riffle	epilithon	337	stream	2021-07	2021	2	Summer	H25JWDRX5	Mid
RUSH-21A-32-2920-H25JWDRX5-16S	RUSH_21A_32_2920_H25JWDRX5_16S	30	30	TRUE	MART	16S	sample_name_mapping_16S_MART.tsv	biofilm	cobble	riffle	epilithon	337	stream	2021-07	2021	2	Summer	H25JWDRX5	Mid
RUSH-21A-32-2921-H25JWDRX5-16S	RUSH_21A_32_2921_H25JWDRX5_16S	30	30	TRUE	MART	16S	sample_name_mapping_16S_MART.tsv	biofilm	cobble	pool	epilithon	337	stream	2021-07	2021	2	Summer	H25JWDRX5	Mid
RUSH-21A-32-2922-H25JWDRX5-16S	RUSH_21A_32_2922_H25JWDRX5_16S	30	30	TRUE	MART	16S	sample_name_mapping_16S_MART.tsv	biofilm	cobble	riffle	epilithon	337	stream	2021-07	2021	2	Summer	H25JWDRX5	Mid
RUSH-21A-30-2755-H25JWDRX5-16S	RUSH_21A_30_2755_H25JWDRX5_16S	30	30	TRUE	MART	16S	sample_name_mapping_16S_MART.tsv	biofilm	cobble	riffle	epilithon	337	stream	2021-10	2021	3	Fall	H25JWDRX5	Late
RUSH-21A-30-2756-H25JWDRX5-16S	RUSH_21A_30_2756_H25JWDRX5_16S	30	30	TRUE	MART	16S	sample_name_mapping_16S_MART.tsv	biofilm	cobble	pool	epilithon	337	stream	2021-10	2021	3	Fall	H25JWDRX5	Late
RUSH-21A-30-2757-H25JWDRX5-16S	RUSH_21A_30_2757_H25JWDRX5_16S	30	30	TRUE	MART	16S	sample_name_mapping_16S_MART.tsv	biofilm	cobble	riffle	epilithon	337	stream	2021-10	2021	3	Fall	H25JWDRX5	Late
RUSH-21A-30-2758-H25JWDRX5-16S	RUSH_21A_30_2758_H25JWDRX5_16S	30	30	TRUE	MART	16S	sample_name_mapping_16S_MART.tsv	biofilm	cobble	pool	epilithon	337	stream	2021-10	2021	3	Fall	H25JWDRX5	Late
RUSH-21A-30-2759-H25JWDRX5-16S	RUSH_21A_30_2759_H25JWDRX5_16S	30	30	TRUE	MART	16S	sample_name_mapping_16S_MART.tsv	biofilm	cobble	riffle	epilithon	337	stream	2021-10	2021	3	Fall	H25JWDRX5	Late
RUSH-21A-30-2761-H25JWDRX5-16S	RUSH_21A_30_2761_H25JWDRX5_16S	30	30	TRUE	MART	16S	sample_name_mapping_16S_MART.tsv	biofilm	cobble	riffle	epilithon	337	stream	2021-10	2021	3	Fall	H25JWDRX5	Late
RUSH-21A-30-2762-H25JWDRX5-16S	RUSH_21A_30_2762_H25JWDRX5_16S	30	30	TRUE	MART	16S	sample_name_mapping_16S_MART.tsv	biofilm	cobble	riffle	epilithon	337	stream	2021-10	2021	3	Fall	H25JWDRX5	Late
RUSH-22A-04-0375-H5CGTDRX5-16S	RUSH_22A_04_0375_H5CGTDRX5_16S	30	30	TRUE	MART	16S	sample_name_mapping_16S_MART.tsv	biofilm	cobble	riffle	epilithon	337	stream	2022-04	2022	1	Spring	H5CGTDRX5	Early
RUSH-22A-05-0377-H5CGTDRX5-16S	RUSH_22A_05_0377_H5CGTDRX5_16S	30	30	TRUE	MART	16S	sample_name_mapping_16S_MART.tsv	biofilm	cobble	pool	epilithon	337	stream	2022-04	2022	1	Spring	H5CGTDRX5	Early
RUSH-22A-05-0378-H5CGTDRX5-16S	RUSH_22A_05_0378_H5CGTDRX5_16S	30	30	TRUE	MART	16S	sample_name_mapping_16S_MART.tsv	biofilm	cobble	pool	epilithon	337	stream	2022-04	2022	1	Spring	H5CGTDRX5	Early
RUSH-22A-05-0379-H5CGTDRX5-16S	RUSH_22A_05_0379_H5CGTDRX5_16S	30	30	TRUE	MART	16S	sample_name_mapping_16S_MART.tsv	biofilm	cobble	riffle	epilithon	337	stream	2022-04	2022	1	Spring	H5CGTDRX5	Early
RUSH-22A-05-0380-H5CGTDRX5-16S	RUSH_22A_05_0380_H5CGTDRX5_16S	30	30	TRUE	MART	16S	sample_name_mapping_16S_MART.tsv	biofilm	cobble	riffle	epilithon	337	stream	2022-04	2022	1	Spring	H5CGTDRX5	Early
RUSH-22A-05-0381-H5CGTDRX5-16S	RUSH_22A_05_0381_H5CGTDRX5_16S	30	30	TRUE	MART	16S	sample_name_mapping_16S_MART.tsv	biofilm	cobble	riffle	epilithon	337	stream	2022-04	2022	1	Spring	H5CGTDRX5	Early
RUSH-22A-05-0382-H5CGTDRX5-16S	RUSH_22A_05_0382_H5CGTDRX5_16S	30	30	TRUE	MART	16S	sample_name_mapping_16S_MART.tsv	biofilm	cobble	pool	epilithon	337	stream	2022-04	2022	1	Spring	H5CGTDRX5	Early
RUSH-22A-08-0744-H5CGTDRX5-16S	RUSH_22A_08_0744_H5CGTDRX5_16S	30	30	TRUE	MART	16S	sample_name_mapping_16S_MART.tsv	biofilm	cobble	pool	epilithon	337	stream	2022-07	2022	2	Summer	H5CGTDRX5	Mid
RUSH-22A-08-0745-H5CGTDRX5-16S	RUSH_22A_08_0745_H5CGTDRX5_16S	30	30	TRUE	MART	16S	sample_name_mapping_16S_MART.tsv	biofilm	cobble	riffle	epilithon	337	stream	2022-07	2022	2	Summer	H5CGTDRX5	Mid
RUSH-22A-08-0746-H5CGTDRX5-16S	RUSH_22A_08_0746_H5CGTDRX5_16S	30	30	TRUE	MART	16S	sample_name_mapping_16S_MART.tsv	biofilm	cobble	pool	epilithon	337	stream	2022-07	2022	2	Summer	H5CGTDRX5	Mid
RUSH-22A-08-0747-H5CGTDRX5-16S	RUSH_22A_08_0747_H5CGTDRX5_16S	30	30	TRUE	MART	16S	sample_name_mapping_16S_MART.tsv	biofilm	cobble	riffle	epilithon	337	stream	2022-07	2022	2	Summer	H5CGTDRX5	Mid
RUSH-22A-08-0748-H5CGTDRX5-16S	RUSH_22A_08_0748_H5CGTDRX5_16S	30	30	TRUE	MART	16S	sample_name_mapping_16S_MART.tsv	biofilm	cobble	riffle	epilithon	337	stream	2022-07	2022	2	Summer	H5CGTDRX5	Mid
RUSH-22A-08-0749-H5CGTDRX5-16S	RUSH_22A_08_0749_H5CGTDRX5_16S	30	30	TRUE	MART	16S	sample_name_mapping_16S_MART.tsv	biofilm	cobble	pool	epilithon	337	stream	2022-07	2022	2	Summer	H5CGTDRX5	Mid
RUSH-22A-08-0751-H5CGTDRX5-16S	RUSH_22A_08_0751_H5CGTDRX5_16S	30	30	TRUE	MART	16S	sample_name_mapping_16S_MART.tsv	biofilm	cobble	riffle	epilithon	337	stream	2022-07	2022	2	Summer	H5CGTDRX5	Mid
RUSH-22A-08-0698-H5CGTDRX5-16S	RUSH_22A_08_0698_H5CGTDRX5_16S	30	30	TRUE	MART	16S	sample_name_mapping_16S_MART.tsv	biofilm	cobble	riffle	epilithon	337	stream	2022-10	2022	3	Fall	H5CGTDRX5	Late
RUSH-22A-08-0699-H5CGTDRX5-16S	RUSH_22A_08_0699_H5CGTDRX5_16S	30	30	TRUE	MART	16S	sample_name_mapping_16S_MART.tsv	biofilm	cobble	riffle	epilithon	337	stream	2022-10	2022	3	Fall	H5CGTDRX5	Late
RUSH-22A-08-0700-H5CGTDRX5-16S	RUSH_22A_08_0700_H5CGTDRX5_16S	30	30	TRUE	MART	16S	sample_name_mapping_16S_MART.tsv	biofilm	cobble	pool	epilithon	337	stream	2022-10	2022	3	Fall	H5CGTDRX5	Late
RUSH-22A-08-0701-H5CGTDRX5-16S	RUSH_22A_08_0701_H5CGTDRX5_16S	30	30	TRUE	MART	16S	sample_name_mapping_16S_MART.tsv	biofilm	cobble	riffle	epilithon	337	stream	2022-10	2022	3	Fall	H5CGTDRX5	Late
RUSH-22A-08-0702-H5CGTDRX5-16S	RUSH_22A_08_0702_H5CGTDRX5_16S	30	30	TRUE	MART	16S	sample_name_mapping_16S_MART.tsv	biofilm	cobble	pool	epilithon	337	stream	2022-10	2022	3	Fall	H5CGTDRX5	Late
RUSH-22A-08-0703-H5CGTDRX5-16S	RUSH_22A_08_0703_H5CGTDRX5_16S	30	30	TRUE	MART	16S	sample_name_mapping_16S_MART.tsv	biofilm	cobble	riffle	epilithon	337	stream	2022-10	2022	3	Fall	H5CGTDRX5	Late
RUSH-22A-08-0704-H5CGTDRX5-16S	RUSH_22A_08_0704_H5CGTDRX5_16S	30	30	TRUE	MART	16S	sample_name_mapping_16S_MART.tsv	biofilm	cobble	pool	epilithon	337	stream	2022-10	2022	3	Fall	H5CGTDRX5	Late
RUSH-22A-08-0705-H5CGTDRX5-16S	RUSH_22A_08_0705_H5CGTDRX5_16S	30	30	TRUE	MART	16S	sample_name_mapping_16S_MART.tsv	biofilm	cobble	riffle	epilithon	337	stream	2022-10	2022	3	Fall	H5CGTDRX5	Late
RUSH-23A-13-1163-HHJFLDRX5-16S	RUSH_23A_13_1163_HHJFLDRX5_16S	30	30	TRUE	MART	16S	sample_name_mapping_16S_MART.tsv	biofilm	cobble	riffle	epilithon	337	stream	2023-04	2023	1	Spring	HHJFLDRX5	Early
RUSH-23A-13-1164-HHJFLDRX5-16S	RUSH_23A_13_1164_HHJFLDRX5_16S	30	30	TRUE	MART	16S	sample_name_mapping_16S_MART.tsv	biofilm	cobble	riffle	epilithon	337	stream	2023-04	2023	1	Spring	HHJFLDRX5	Early
RUSH-23A-13-1165-HHJFLDRX5-16S	RUSH_23A_13_1165_HHJFLDRX5_16S	30	30	TRUE	MART	16S	sample_name_mapping_16S_MART.tsv	biofilm	cobble	riffle	epilithon	337	stream	2023-04	2023	1	Spring	HHJFLDRX5	Early
RUSH-23A-13-1166-HHJFLDRX5-16S	RUSH_23A_13_1166_HHJFLDRX5_16S	30	30	TRUE	MART	16S	sample_name_mapping_16S_MART.tsv	biofilm	cobble	pool	epilithon	337	stream	2023-04	2023	1	Spring	HHJFLDRX5	Early
RUSH-23A-13-1167-HHJFLDRX5-16S	RUSH_23A_13_1167_HHJFLDRX5_16S	30	30	TRUE	MART	16S	sample_name_mapping_16S_MART.tsv	biofilm	cobble	riffle	epilithon	337	stream	2023-04	2023	1	Spring	HHJFLDRX5	Early
RUSH-23A-13-1168-HHJFLDRX5-16S	RUSH_23A_13_1168_HHJFLDRX5_16S	30	30	TRUE	MART	16S	sample_name_mapping_16S_MART.tsv	biofilm	cobble	pool	epilithon	337	stream	2023-04	2023	1	Spring	HHJFLDRX5	Early
RUSH-23A-13-1169-HHJFLDRX5-16S	RUSH_23A_13_1169_HHJFLDRX5_16S	30	30	TRUE	MART	16S	sample_name_mapping_16S_MART.tsv	biofilm	cobble	pool	epilithon	337	stream	2023-04	2023	1	Spring	HHJFLDRX5	Early
RUSH-23A-13-1170-HHJFLDRX5-16S	RUSH_23A_13_1170_HHJFLDRX5_16S	30	30	TRUE	MART	16S	sample_name_mapping_16S_MART.tsv	biofilm	cobble	riffle	epilithon	337	stream	2023-04	2023	1	Spring	HHJFLDRX5	Early
RUSH-23A-16-1514-HHJFLDRX5-16S	RUSH_23A_16_1514_HHJFLDRX5_16S	30	30	TRUE	MART	16S	sample_name_mapping_16S_MART.tsv	biofilm	cobble	riffle	epilithon	337	stream	2023-07	2023	2	Summer	HHJFLDRX5	Mid
RUSH-23A-16-1515-HHJFLDRX5-16S	RUSH_23A_16_1515_HHJFLDRX5_16S	30	30	TRUE	MART	16S	sample_name_mapping_16S_MART.tsv	biofilm	cobble	pool	epilithon	337	stream	2023-07	2023	2	Summer	HHJFLDRX5	Mid
RUSH-23A-16-1516-HHJFLDRX5-16S	RUSH_23A_16_1516_HHJFLDRX5_16S	30	30	TRUE	MART	16S	sample_name_mapping_16S_MART.tsv	biofilm	cobble	riffle	epilithon	337	stream	2023-07	2023	2	Summer	HHJFLDRX5	Mid
RUSH-23A-19-1707-HHJFLDRX5-16S	RUSH_23A_19_1707_HHJFLDRX5_16S	30	30	TRUE	MART	16S	sample_name_mapping_16S_MART.tsv	biofilm	cobble	riffle	epilithon	337	stream	2023-07	2023	2	Summer	HHJFLDRX5	Mid
RUSH-23A-19-1708-HHJFLDRX5-16S	RUSH_23A_19_1708_HHJFLDRX5_16S	30	30	TRUE	MART	16S	sample_name_mapping_16S_MART.tsv	biofilm	cobble	pool	epilithon	337	stream	2023-07	2023	2	Summer	HHJFLDRX5	Mid
RUSH-23A-19-1709-HHJFLDRX5-16S	RUSH_23A_19_1709_HHJFLDRX5_16S	30	30	TRUE	MART	16S	sample_name_mapping_16S_MART.tsv	biofilm	cobble	riffle	epilithon	337	stream	2023-07	2023	2	Summer	HHJFLDRX5	Mid
RUSH-23A-19-1710-HHJFLDRX5-16S	RUSH_23A_19_1710_HHJFLDRX5_16S	30	30	TRUE	MART	16S	sample_name_mapping_16S_MART.tsv	biofilm	cobble	pool	epilithon	337	stream	2023-07	2023	2	Summer	HHJFLDRX5	Mid
RUSH-23A-19-1711-HHJFLDRX5-16S	RUSH_23A_19_1711_HHJFLDRX5_16S	30	30	TRUE	MART	16S	sample_name_mapping_16S_MART.tsv	biofilm	cobble	riffle	epilithon	337	stream	2023-07	2023	2	Summer	HHJFLDRX5	Mid
RUSH-23A-28-2646-HHJFLDRX5-16S	RUSH_23A_28_2646_HHJFLDRX5_16S	30	30	TRUE	MART	16S	sample_name_mapping_16S_MART.tsv	biofilm	cobble	riffle	epilithon	337	stream	2023-10	2023	3	Fall	HHJFLDRX5	Late
RUSH-23A-28-2647-HHJFLDRX5-16S	RUSH_23A_28_2647_HHJFLDRX5_16S	30	30	TRUE	MART	16S	sample_name_mapping_16S_MART.tsv	biofilm	cobble	riffle	epilithon	337	stream	2023-10	2023	3	Fall	HHJFLDRX5	Late
RUSH-23A-28-2648-HHJFLDRX5-16S	RUSH_23A_28_2648_HHJFLDRX5_16S	30	30	TRUE	MART	16S	sample_name_mapping_16S_MART.tsv	biofilm	cobble	pool	epilithon	337	stream	2023-10	2023	3	Fall	HHJFLDRX5	Late
RUSH-23A-28-2649-HHJFLDRX5-16S	RUSH_23A_28_2649_HHJFLDRX5_16S	30	30	TRUE	MART	16S	sample_name_mapping_16S_MART.tsv	biofilm	cobble	riffle	epilithon	337	stream	2023-10	2023	3	Fall	HHJFLDRX5	Late
RUSH-23A-28-2650-HHJFLDRX5-16S	RUSH_23A_28_2650_HHJFLDRX5_16S	30	30	TRUE	MART	16S	sample_name_mapping_16S_MART.tsv	biofilm	cobble	riffle	epilithon	337	stream	2023-10	2023	3	Fall	HHJFLDRX5	Late
RUSH-23A-28-2651-HHJFLDRX5-16S	RUSH_23A_28_2651_HHJFLDRX5_16S	30	30	TRUE	MART	16S	sample_name_mapping_16S_MART.tsv	biofilm	cobble	pool	epilithon	337	stream	2023-10	2023	3	Fall	HHJFLDRX5	Late
RUSH-23A-28-2652-HHJFLDRX5-16S	RUSH_23A_28_2652_HHJFLDRX5_16S	30	30	TRUE	MART	16S	sample_name_mapping_16S_MART.tsv	biofilm	cobble	pool	epilithon	337	stream	2023-10	2023	3	Fall	HHJFLDRX5	Late
RUSH-23A-39-3499-HHJFLDRX5-16S	RUSH_23A_39_3499_HHJFLDRX5_16S	30	30	TRUE	MART	16S	sample_name_mapping_16S_MART.tsv	biofilm	cobble	riffle	epilithon	337	stream	2023-10	2023	3	Fall	HHJFLDRX5	Late
RUSH-21A-28-2512-H25JWDRX5-16S	RUSH_21A_28_2512_H25JWDRX5_16S	30	30	TRUE	POSE	16S	sample_name_mapping_16S_POSE.tsv	biofilm	cobble	riffle	epilithon	275.8	stream	2021-03	2021	1	Spring	H25JWDRX5	Early
RUSH-21A-28-2513-H25JWDRX5-16S	RUSH_21A_28_2513_H25JWDRX5_16S	30	30	TRUE	POSE	16S	sample_name_mapping_16S_POSE.tsv	biofilm	cobble	riffle	epilithon	275.8	stream	2021-03	2021	1	Spring	H25JWDRX5	Early
RUSH-21A-28-2514-H25JWDRX5-16S	RUSH_21A_28_2514_H25JWDRX5_16S	30	30	TRUE	POSE	16S	sample_name_mapping_16S_POSE.tsv	biofilm	cobble	riffle	epilithon	275.8	stream	2021-03	2021	1	Spring	H25JWDRX5	Early
RUSH-21A-28-2515-H25JWDRX5-16S	RUSH_21A_28_2515_H25JWDRX5_16S	30	30	TRUE	POSE	16S	sample_name_mapping_16S_POSE.tsv	biofilm	cobble	riffle	epilithon	275.8	stream	2021-03	2021	1	Spring	H25JWDRX5	Early
RUSH-21A-28-2516-H25JWDRX5-16S	RUSH_21A_28_2516_H25JWDRX5_16S	30	30	TRUE	POSE	16S	sample_name_mapping_16S_POSE.tsv	biofilm	cobble	riffle	epilithon	275.8	stream	2021-03	2021	1	Spring	H25JWDRX5	Early
RUSH-21A-31-2863-H25JWDRX5-16S	RUSH_21A_31_2863_H25JWDRX5_16S	30	30	TRUE	POSE	16S	sample_name_mapping_16S_POSE.tsv	biofilm	cobble	riffle	epilithon	275.8	stream	2021-07	2021	2	Summer	H25JWDRX5	Mid
RUSH-21A-31-2864-H25JWDRX5-16S	RUSH_21A_31_2864_H25JWDRX5_16S	30	30	TRUE	POSE	16S	sample_name_mapping_16S_POSE.tsv	biofilm	cobble	riffle	epilithon	275.8	stream	2021-07	2021	2	Summer	H25JWDRX5	Mid
RUSH-21A-31-2865-H25JWDRX5-16S	RUSH_21A_31_2865_H25JWDRX5_16S	30	30	TRUE	POSE	16S	sample_name_mapping_16S_POSE.tsv	biofilm	cobble	riffle	epilithon	275.8	stream	2021-07	2021	2	Summer	H25JWDRX5	Mid
RUSH-21A-31-2866-H25JWDRX5-16S	RUSH_21A_31_2866_H25JWDRX5_16S	30	30	TRUE	POSE	16S	sample_name_mapping_16S_POSE.tsv	biofilm	cobble	riffle	epilithon	275.8	stream	2021-07	2021	2	Summer	H25JWDRX5	Mid
RUSH-21A-31-2867-H25JWDRX5-16S	RUSH_21A_31_2867_H25JWDRX5_16S	30	30	TRUE	POSE	16S	sample_name_mapping_16S_POSE.tsv	biofilm	cobble	riffle	epilithon	275.8	stream	2021-07	2021	2	Summer	H25JWDRX5	Mid
RUSH-22A-02-0177-H5CGTDRX5-16S	RUSH_22A_02_0177_H5CGTDRX5_16S	30	30	TRUE	POSE	16S	sample_name_mapping_16S_POSE.tsv	biofilm	cobble	riffle	epilithon	275.8	stream	2021-10	2021	3	Fall	H5CGTDRX5	Late
RUSH-22A-02-0178-H5CGTDRX5-16S	RUSH_22A_02_0178_H5CGTDRX5_16S	30	30	TRUE	POSE	16S	sample_name_mapping_16S_POSE.tsv	biofilm	cobble	riffle	epilithon	275.8	stream	2021-10	2021	3	Fall	H5CGTDRX5	Late
RUSH-22A-02-0179-H5CGTDRX5-16S	RUSH_22A_02_0179_H5CGTDRX5_16S	30	30	TRUE	POSE	16S	sample_name_mapping_16S_POSE.tsv	biofilm	cobble	riffle	epilithon	275.8	stream	2021-10	2021	3	Fall	H5CGTDRX5	Late
RUSH-22A-02-0180-H5CGTDRX5-16S	RUSH_22A_02_0180_H5CGTDRX5_16S	30	30	TRUE	POSE	16S	sample_name_mapping_16S_POSE.tsv	biofilm	cobble	riffle	epilithon	275.8	stream	2021-10	2021	3	Fall	H5CGTDRX5	Late
RUSH-22A-02-0181-H5CGTDRX5-16S	RUSH_22A_02_0181_H5CGTDRX5_16S	30	30	TRUE	POSE	16S	sample_name_mapping_16S_POSE.tsv	biofilm	cobble	riffle	epilithon	275.8	stream	2021-10	2021	3	Fall	H5CGTDRX5	Late
RUSH-22A-04-0336-H5CGTDRX5-16S	RUSH_22A_04_0336_H5CGTDRX5_16S	30	30	TRUE	POSE	16S	sample_name_mapping_16S_POSE.tsv	biofilm	cobble	riffle	epilithon	275.8	stream	2022-03	2022	1	Spring	H5CGTDRX5	Early
RUSH-22A-04-0337-H5CGTDRX5-16S	RUSH_22A_04_0337_H5CGTDRX5_16S	30	30	TRUE	POSE	16S	sample_name_mapping_16S_POSE.tsv	biofilm	cobble	riffle	epilithon	275.8	stream	2022-03	2022	1	Spring	H5CGTDRX5	Early
RUSH-22A-04-0338-H5CGTDRX5-16S	RUSH_22A_04_0338_H5CGTDRX5_16S	30	30	TRUE	POSE	16S	sample_name_mapping_16S_POSE.tsv	biofilm	cobble	riffle	epilithon	275.8	stream	2022-03	2022	1	Spring	H5CGTDRX5	Early
RUSH-22A-04-0339-H5CGTDRX5-16S	RUSH_22A_04_0339_H5CGTDRX5_16S	30	30	TRUE	POSE	16S	sample_name_mapping_16S_POSE.tsv	biofilm	cobble	riffle	epilithon	275.8	stream	2022-03	2022	1	Spring	H5CGTDRX5	Early
RUSH-22A-04-0340-H5CGTDRX5-16S	RUSH_22A_04_0340_H5CGTDRX5_16S	30	30	TRUE	POSE	16S	sample_name_mapping_16S_POSE.tsv	biofilm	cobble	riffle	epilithon	275.8	stream	2022-03	2022	1	Spring	H5CGTDRX5	Early
RUSH-22A-01-0091-H5CGTDRX5-16S	RUSH_22A_01_0091_H5CGTDRX5_16S	30	30	TRUE	POSE	16S	sample_name_mapping_16S_POSE.tsv	biofilm	cobble	riffle	epilithon	275.8	stream	2022-07	2022	2	Summer	H5CGTDRX5	Mid
RUSH-22A-01-0092-H5CGTDRX5-16S	RUSH_22A_01_0092_H5CGTDRX5_16S	30	30	TRUE	POSE	16S	sample_name_mapping_16S_POSE.tsv	biofilm	cobble	riffle	epilithon	275.8	stream	2022-07	2022	2	Summer	H5CGTDRX5	Mid
RUSH-22A-01-0093-H5CGTDRX5-16S	RUSH_22A_01_0093_H5CGTDRX5_16S	30	30	TRUE	POSE	16S	sample_name_mapping_16S_POSE.tsv	biofilm	cobble	riffle	epilithon	275.8	stream	2022-07	2022	2	Summer	H5CGTDRX5	Mid
RUSH-22A-01-0094-H5CGTDRX5-16S	RUSH_22A_01_0094_H5CGTDRX5_16S	30	30	TRUE	POSE	16S	sample_name_mapping_16S_POSE.tsv	biofilm	cobble	riffle	epilithon	275.8	stream	2022-07	2022	2	Summer	H5CGTDRX5	Mid
RUSH-22A-02-0095-H5CGTDRX5-16S	RUSH_22A_02_0095_H5CGTDRX5_16S	30	30	TRUE	POSE	16S	sample_name_mapping_16S_POSE.tsv	biofilm	cobble	riffle	epilithon	275.8	stream	2022-07	2022	2	Summer	H5CGTDRX5	Mid
RUSH-22A-09-0802-H5CGTDRX5-16S	RUSH_22A_09_0802_H5CGTDRX5_16S	30	30	TRUE	POSE	16S	sample_name_mapping_16S_POSE.tsv	biofilm	cobble	riffle	epilithon	275.8	stream	2022-10	2022	3	Fall	H5CGTDRX5	Late
RUSH-22A-09-0803-H5CGTDRX5-16S	RUSH_22A_09_0803_H5CGTDRX5_16S	30	30	TRUE	POSE	16S	sample_name_mapping_16S_POSE.tsv	biofilm	cobble	riffle	epilithon	275.8	stream	2022-10	2022	3	Fall	H5CGTDRX5	Late
RUSH-22A-09-0804-H5CGTDRX5-16S	RUSH_22A_09_0804_H5CGTDRX5_16S	30	30	TRUE	POSE	16S	sample_name_mapping_16S_POSE.tsv	biofilm	cobble	riffle	epilithon	275.8	stream	2022-10	2022	3	Fall	H5CGTDRX5	Late
RUSH-22A-09-0805-H5CGTDRX5-16S	RUSH_22A_09_0805_H5CGTDRX5_16S	30	30	TRUE	POSE	16S	sample_name_mapping_16S_POSE.tsv	biofilm	cobble	riffle	epilithon	275.8	stream	2022-10	2022	3	Fall	H5CGTDRX5	Late
RUSH-22A-09-0806-H5CGTDRX5-16S	RUSH_22A_09_0806_H5CGTDRX5_16S	30	30	TRUE	POSE	16S	sample_name_mapping_16S_POSE.tsv	biofilm	cobble	riffle	epilithon	275.8	stream	2022-10	2022	3	Fall	H5CGTDRX5	Late
RUSH-23A-06-0497-HHJFLDRX5-16S	RUSH_23A_06_0497_HHJFLDRX5_16S	30	30	TRUE	POSE	16S	sample_name_mapping_16S_POSE.tsv	biofilm	cobble	riffle	epilithon	275.8	stream	2023-03	2023	1	Spring	HHJFLDRX5	Early
RUSH-23A-06-0498-HHJFLDRX5-16S	RUSH_23A_06_0498_HHJFLDRX5_16S	30	30	TRUE	POSE	16S	sample_name_mapping_16S_POSE.tsv	biofilm	cobble	riffle	epilithon	275.8	stream	2023-03	2023	1	Spring	HHJFLDRX5	Early
RUSH-23A-06-0499-HHJFLDRX5-16S	RUSH_23A_06_0499_HHJFLDRX5_16S	30	30	TRUE	POSE	16S	sample_name_mapping_16S_POSE.tsv	biofilm	cobble	riffle	epilithon	275.8	stream	2023-03	2023	1	Spring	HHJFLDRX5	Early
RUSH-23A-06-0500-HHJFLDRX5-16S	RUSH_23A_06_0500_HHJFLDRX5_16S	30	30	TRUE	POSE	16S	sample_name_mapping_16S_POSE.tsv	biofilm	cobble	riffle	epilithon	275.8	stream	2023-03	2023	1	Spring	HHJFLDRX5	Early
RUSH-23A-06-0501-HHJFLDRX5-16S	RUSH_23A_06_0501_HHJFLDRX5_16S	30	30	TRUE	POSE	16S	sample_name_mapping_16S_POSE.tsv	biofilm	cobble	riffle	epilithon	275.8	stream	2023-03	2023	1	Spring	HHJFLDRX5	Early
RUSH-23A-19-1757-HHJFLDRX5-16S	RUSH_23A_19_1757_HHJFLDRX5_16S	30	30	TRUE	POSE	16S	sample_name_mapping_16S_POSE.tsv	biofilm	cobble	riffle	epilithon	275.8	stream	2023-07	2023	2	Summer	HHJFLDRX5	Mid
RUSH-23A-19-1758-HHJFLDRX5-16S	RUSH_23A_19_1758_HHJFLDRX5_16S	30	30	TRUE	POSE	16S	sample_name_mapping_16S_POSE.tsv	biofilm	cobble	riffle	epilithon	275.8	stream	2023-07	2023	2	Summer	HHJFLDRX5	Mid
RUSH-23A-19-1759-HHJFLDRX5-16S	RUSH_23A_19_1759_HHJFLDRX5_16S	30	30	TRUE	POSE	16S	sample_name_mapping_16S_POSE.tsv	biofilm	cobble	riffle	epilithon	275.8	stream	2023-07	2023	2	Summer	HHJFLDRX5	Mid
RUSH-23A-19-1760-HHJFLDRX5-16S	RUSH_23A_19_1760_HHJFLDRX5_16S	30	30	TRUE	POSE	16S	sample_name_mapping_16S_POSE.tsv	biofilm	cobble	riffle	epilithon	275.8	stream	2023-07	2023	2	Summer	HHJFLDRX5	Mid
RUSH-23A-19-1761-HHJFLDRX5-16S	RUSH_23A_19_1761_HHJFLDRX5_16S	30	30	TRUE	POSE	16S	sample_name_mapping_16S_POSE.tsv	biofilm	cobble	riffle	epilithon	275.8	stream	2023-07	2023	2	Summer	HHJFLDRX5	Mid
RUSH-23A-28-2586-HHJFLDRX5-16S	RUSH_23A_28_2586_HHJFLDRX5_16S	30	30	TRUE	POSE	16S	sample_name_mapping_16S_POSE.tsv	biofilm	cobble	riffle	epilithon	275.8	stream	2023-10	2023	3	Fall	HHJFLDRX5	Late
RUSH-23A-28-2587-HHJFLDRX5-16S	RUSH_23A_28_2587_HHJFLDRX5_16S	30	30	TRUE	POSE	16S	sample_name_mapping_16S_POSE.tsv	biofilm	cobble	riffle	epilithon	275.8	stream	2023-10	2023	3	Fall	HHJFLDRX5	Late
RUSH-23A-28-2588-HHJFLDRX5-16S	RUSH_23A_28_2588_HHJFLDRX5_16S	30	30	TRUE	POSE	16S	sample_name_mapping_16S_POSE.tsv	biofilm	cobble	riffle	epilithon	275.8	stream	2023-10	2023	3	Fall	HHJFLDRX5	Late
RUSH-23A-28-2589-HHJFLDRX5-16S	RUSH_23A_28_2589_HHJFLDRX5_16S	30	30	TRUE	POSE	16S	sample_name_mapping_16S_POSE.tsv	biofilm	cobble	riffle	epilithon	275.8	stream	2023-10	2023	3	Fall	HHJFLDRX5	Late
RUSH-23A-28-2590-HHJFLDRX5-16S	RUSH_23A_28_2590_HHJFLDRX5_16S	30	30	TRUE	POSE	16S	sample_name_mapping_16S_POSE.tsv	biofilm	cobble	riffle	epilithon	275.8	stream	2023-10	2023	3	Fall	HHJFLDRX5	Late
RUSH-21A-27-2494-H25JWDRX5-16S	RUSH_21A_27_2494_H25JWDRX5_16S	30	30	TRUE	WALK	16S	sample_name_mapping_16S_WALK.tsv	biofilm	cobble	riffle	epilithon	264.2	stream	2021-03	2021	1	Spring	H25JWDRX5	Early
RUSH-21A-27-2495-H25JWDRX5-16S	RUSH_21A_27_2495_H25JWDRX5_16S	30	30	TRUE	WALK	16S	sample_name_mapping_16S_WALK.tsv	biofilm	cobble	riffle	epilithon	264.2	stream	2021-03	2021	1	Spring	H25JWDRX5	Early
RUSH-21A-28-2496-H25JWDRX5-16S	RUSH_21A_28_2496_H25JWDRX5_16S	30	30	TRUE	WALK	16S	sample_name_mapping_16S_WALK.tsv	biofilm	cobble	riffle	epilithon	264.2	stream	2021-03	2021	1	Spring	H25JWDRX5	Early
RUSH-21A-28-2497-H25JWDRX5-16S	RUSH_21A_28_2497_H25JWDRX5_16S	30	30	TRUE	WALK	16S	sample_name_mapping_16S_WALK.tsv	biofilm	cobble	riffle	epilithon	264.2	stream	2021-03	2021	1	Spring	H25JWDRX5	Early
RUSH-21A-28-2498-H25JWDRX5-16S	RUSH_21A_28_2498_H25JWDRX5_16S	30	30	TRUE	WALK	16S	sample_name_mapping_16S_WALK.tsv	biofilm	cobble	riffle	epilithon	264.2	stream	2021-03	2021	1	Spring	H25JWDRX5	Early
RUSH-21A-32-2927-H25JWDRX5-16S	RUSH_21A_32_2927_H25JWDRX5_16S	30	30	TRUE	WALK	16S	sample_name_mapping_16S_WALK.tsv	biofilm	cobble	riffle	epilithon	264.2	stream	2021-07	2021	2	Summer	H25JWDRX5	Mid
RUSH-21A-32-2930-H25JWDRX5-16S	RUSH_21A_32_2930_H25JWDRX5_16S	30	30	TRUE	WALK	16S	sample_name_mapping_16S_WALK.tsv	biofilm	cobble	riffle	epilithon	264.2	stream	2021-07	2021	2	Summer	H25JWDRX5	Mid
RUSH-21A-32-2931-H25JWDRX5-16S	RUSH_21A_32_2931_H25JWDRX5_16S	30	30	TRUE	WALK	16S	sample_name_mapping_16S_WALK.tsv	biofilm	cobble	riffle	epilithon	264.2	stream	2021-07	2021	2	Summer	H25JWDRX5	Mid
RUSH-22A-03-0202-H5CGTDRX5-16S	RUSH_22A_03_0202_H5CGTDRX5_16S	30	30	TRUE	WALK	16S	sample_name_mapping_16S_WALK.tsv	biofilm	cobble	riffle	epilithon	264.2	stream	2021-10	2021	3	Fall	H5CGTDRX5	Late
RUSH-22A-03-0203-H5CGTDRX5-16S	RUSH_22A_03_0203_H5CGTDRX5_16S	30	30	TRUE	WALK	16S	sample_name_mapping_16S_WALK.tsv	biofilm	cobble	riffle	epilithon	264.2	stream	2021-10	2021	3	Fall	H5CGTDRX5	Late
RUSH-22A-03-0204-H5CGTDRX5-16S	RUSH_22A_03_0204_H5CGTDRX5_16S	30	30	TRUE	WALK	16S	sample_name_mapping_16S_WALK.tsv	biofilm	cobble	riffle	epilithon	264.2	stream	2021-10	2021	3	Fall	H5CGTDRX5	Late
RUSH-22A-03-0205-H5CGTDRX5-16S	RUSH_22A_03_0205_H5CGTDRX5_16S	30	30	TRUE	WALK	16S	sample_name_mapping_16S_WALK.tsv	biofilm	cobble	riffle	epilithon	264.2	stream	2021-10	2021	3	Fall	H5CGTDRX5	Late
RUSH-22A-04-0315-H5CGTDRX5-16S	RUSH_22A_04_0315_H5CGTDRX5_16S	30	30	TRUE	WALK	16S	sample_name_mapping_16S_WALK.tsv	biofilm	cobble	riffle	epilithon	264.2	stream	2022-03	2022	1	Spring	H5CGTDRX5	Early
RUSH-22A-04-0316-H5CGTDRX5-16S	RUSH_22A_04_0316_H5CGTDRX5_16S	30	30	TRUE	WALK	16S	sample_name_mapping_16S_WALK.tsv	biofilm	cobble	riffle	epilithon	264.2	stream	2022-03	2022	1	Spring	H5CGTDRX5	Early
RUSH-22A-04-0317-H5CGTDRX5-16S	RUSH_22A_04_0317_H5CGTDRX5_16S	30	30	TRUE	WALK	16S	sample_name_mapping_16S_WALK.tsv	biofilm	cobble	riffle	epilithon	264.2	stream	2022-03	2022	1	Spring	H5CGTDRX5	Early
RUSH-22A-04-0318-H5CGTDRX5-16S	RUSH_22A_04_0318_H5CGTDRX5_16S	30	30	TRUE	WALK	16S	sample_name_mapping_16S_WALK.tsv	biofilm	cobble	riffle	epilithon	264.2	stream	2022-03	2022	1	Spring	H5CGTDRX5	Early
RUSH-22A-04-0319-H5CGTDRX5-16S	RUSH_22A_04_0319_H5CGTDRX5_16S	30	30	TRUE	WALK	16S	sample_name_mapping_16S_WALK.tsv	biofilm	cobble	riffle	epilithon	264.2	stream	2022-03	2022	1	Spring	H5CGTDRX5	Early
RUSH-22A-02-0111-H5CGTDRX5-16S	RUSH_22A_02_0111_H5CGTDRX5_16S	30	30	TRUE	WALK	16S	sample_name_mapping_16S_WALK.tsv	biofilm	cobble	riffle	epilithon	264.2	stream	2022-07	2022	2	Summer	H5CGTDRX5	Mid
RUSH-22A-02-0112-H5CGTDRX5-16S	RUSH_22A_02_0112_H5CGTDRX5_16S	30	30	TRUE	WALK	16S	sample_name_mapping_16S_WALK.tsv	biofilm	cobble	riffle	epilithon	264.2	stream	2022-07	2022	2	Summer	H5CGTDRX5	Mid
RUSH-22A-02-0113-H5CGTDRX5-16S	RUSH_22A_02_0113_H5CGTDRX5_16S	30	30	TRUE	WALK	16S	sample_name_mapping_16S_WALK.tsv	biofilm	cobble	riffle	epilithon	264.2	stream	2022-07	2022	2	Summer	H5CGTDRX5	Mid
RUSH-22A-02-0114-H5CGTDRX5-16S	RUSH_22A_02_0114_H5CGTDRX5_16S	30	30	TRUE	WALK	16S	sample_name_mapping_16S_WALK.tsv	biofilm	cobble	riffle	epilithon	264.2	stream	2022-07	2022	2	Summer	H5CGTDRX5	Mid
RUSH-22A-09-0772-H5CGTDRX5-16S	RUSH_22A_09_0772_H5CGTDRX5_16S	30	30	TRUE	WALK	16S	sample_name_mapping_16S_WALK.tsv	biofilm	cobble	riffle	epilithon	264.2	stream	2022-10	2022	3	Fall	H5CGTDRX5	Late
RUSH-22A-09-0773-H5CGTDRX5-16S	RUSH_22A_09_0773_H5CGTDRX5_16S	30	30	TRUE	WALK	16S	sample_name_mapping_16S_WALK.tsv	biofilm	cobble	riffle	epilithon	264.2	stream	2022-10	2022	3	Fall	H5CGTDRX5	Late
RUSH-22A-09-0774-H5CGTDRX5-16S	RUSH_22A_09_0774_H5CGTDRX5_16S	30	30	TRUE	WALK	16S	sample_name_mapping_16S_WALK.tsv	biofilm	cobble	riffle	epilithon	264.2	stream	2022-10	2022	3	Fall	H5CGTDRX5	Late
RUSH-22A-09-0775-H5CGTDRX5-16S	RUSH_22A_09_0775_H5CGTDRX5_16S	30	30	TRUE	WALK	16S	sample_name_mapping_16S_WALK.tsv	biofilm	cobble	riffle	epilithon	264.2	stream	2022-10	2022	3	Fall	H5CGTDRX5	Late
RUSH-22A-09-0776-H5CGTDRX5-16S	RUSH_22A_09_0776_H5CGTDRX5_16S	30	30	TRUE	WALK	16S	sample_name_mapping_16S_WALK.tsv	biofilm	cobble	riffle	epilithon	264.2	stream	2022-10	2022	3	Fall	H5CGTDRX5	Late
RUSH-23A-06-0524-HHJFLDRX5-16S	RUSH_23A_06_0524_HHJFLDRX5_16S	30	30	TRUE	WALK	16S	sample_name_mapping_16S_WALK.tsv	biofilm	cobble	riffle	epilithon	264.2	stream	2023-03	2023	1	Spring	HHJFLDRX5	Early
RUSH-23A-06-0525-HHJFLDRX5-16S	RUSH_23A_06_0525_HHJFLDRX5_16S	30	30	TRUE	WALK	16S	sample_name_mapping_16S_WALK.tsv	biofilm	cobble	riffle	epilithon	264.2	stream	2023-03	2023	1	Spring	HHJFLDRX5	Early
RUSH-23A-06-0526-HHJFLDRX5-16S	RUSH_23A_06_0526_HHJFLDRX5_16S	30	30	TRUE	WALK	16S	sample_name_mapping_16S_WALK.tsv	biofilm	cobble	riffle	epilithon	264.2	stream	2023-03	2023	1	Spring	HHJFLDRX5	Early
RUSH-23A-06-0527-HHJFLDRX5-16S	RUSH_23A_06_0527_HHJFLDRX5_16S	30	30	TRUE	WALK	16S	sample_name_mapping_16S_WALK.tsv	biofilm	cobble	riffle	epilithon	264.2	stream	2023-03	2023	1	Spring	HHJFLDRX5	Early
RUSH-23A-06-0528-HHJFLDRX5-16S	RUSH_23A_06_0528_HHJFLDRX5_16S	30	30	TRUE	WALK	16S	sample_name_mapping_16S_WALK.tsv	biofilm	cobble	riffle	epilithon	264.2	stream	2023-03	2023	1	Spring	HHJFLDRX5	Early
RUSH-23A-16-1458-HHJFLDRX5-16S	RUSH_23A_16_1458_HHJFLDRX5_16S	30	30	TRUE	WALK	16S	sample_name_mapping_16S_WALK.tsv	biofilm	cobble	riffle	epilithon	264.2	stream	2023-07	2023	2	Summer	HHJFLDRX5	Mid
RUSH-23A-16-1459-HHJFLDRX5-16S	RUSH_23A_16_1459_HHJFLDRX5_16S	30	30	TRUE	WALK	16S	sample_name_mapping_16S_WALK.tsv	biofilm	cobble	riffle	epilithon	264.2	stream	2023-07	2023	2	Summer	HHJFLDRX5	Mid
RUSH-23A-16-1460-HHJFLDRX5-16S	RUSH_23A_16_1460_HHJFLDRX5_16S	30	30	TRUE	WALK	16S	sample_name_mapping_16S_WALK.tsv	biofilm	cobble	riffle	epilithon	264.2	stream	2023-07	2023	2	Summer	HHJFLDRX5	Mid
RUSH-23A-16-1461-HHJFLDRX5-16S	RUSH_23A_16_1461_HHJFLDRX5_16S	30	30	TRUE	WALK	16S	sample_name_mapping_16S_WALK.tsv	biofilm	cobble	riffle	epilithon	264.2	stream	2023-07	2023	2	Summer	HHJFLDRX5	Mid
RUSH-23A-16-1462-HHJFLDRX5-16S	RUSH_23A_16_1462_HHJFLDRX5_16S	30	30	TRUE	WALK	16S	sample_name_mapping_16S_WALK.tsv	biofilm	pebble	riffle	epilithon	264.2	stream	2023-07	2023	2	Summer	HHJFLDRX5	Mid
RUSH-23A-28-2594-HHJFLDRX5-16S	RUSH_23A_28_2594_HHJFLDRX5_16S	30	30	TRUE	WALK	16S	sample_name_mapping_16S_WALK.tsv	biofilm	pebble	riffle	epilithon	264.2	stream	2023-10	2023	3	Fall	HHJFLDRX5	Late
RUSH-23A-28-2595-HHJFLDRX5-16S	RUSH_23A_28_2595_HHJFLDRX5_16S	30	30	TRUE	WALK	16S	sample_name_mapping_16S_WALK.tsv	biofilm	pebble	riffle	epilithon	264.2	stream	2023-10	2023	3	Fall	HHJFLDRX5	Late
RUSH-23A-28-2596-HHJFLDRX5-16S	RUSH_23A_28_2596_HHJFLDRX5_16S	30	30	TRUE	WALK	16S	sample_name_mapping_16S_WALK.tsv	biofilm	pebble	riffle	epilithon	264.2	stream	2023-10	2023	3	Fall	HHJFLDRX5	Late
RUSH-23A-28-2597-HHJFLDRX5-16S	RUSH_23A_28_2597_HHJFLDRX5_16S	30	30	TRUE	WALK	16S	sample_name_mapping_16S_WALK.tsv	biofilm	cobble	riffle	epilithon	264.2	stream	2023-10	2023	3	Fall	HHJFLDRX5	Late
RUSH-23A-28-2598-HHJFLDRX5-16S	RUSH_23A_28_2598_HHJFLDRX5_16S	30	30	TRUE	WALK	16S	sample_name_mapping_16S_WALK.tsv	biofilm	cobble	riffle	epilithon	264.2	stream	2023-10	2023	3	Fall	HHJFLDRX5	Late
